1,Blue Silk Saree,images/blue_Silk.jpeg
2,Pink Peach Saree,images/Pink_Peach.jpeg
3,Coffee Silk Saree,images/Coffee_Silk.jpeg
4,Red Silk Saree,images/red_silk.jpeg
5,Green Kanjivaram Saree,images/green_kanjivaram.jpeg
6,Lavender Tissue Saree,images/lavender_tissue.jpeg
7,Maroon Banarasi Saree,images/maroon_banarasi.jpeg
8,Mustard Chanderi Saree,images/mustard_chanderi.jpeg
9,Aqua Blue Georgette Saree,images/Aqua_Blue_Georgette.jpeg
10,White Cotton Saree,images/white_cotton.jpeg
11,Baby Pink Cotton Kurti,images/Baby_Pink_Cotton_Daily_Kurti.jpeg
12,Daily Wear Cotton Kurti,images/daily_wear_cotton_kurti.jpeg
13,Black Red Designer Blouse,images/Black_Red_Designer_Blouse.jpeg
14,Blue Golden Embroidery Blouse,images/Blue_Golden_Embroidery_Blouse.jpeg
15,Cotton Blouse Piece,images/cotton_Blouse_Piece.jpeg
16,Red Designer Blouse,images/red_Designer_Blouse.jpeg
17,Blue Silk Fabric,images/blue_Silk.jpeg
18,Red Velvet Blouse Fabric,images/red_Velvet_Blouse.jpeg
